{"cameraMode":{"drawMode":0,"name":"Shaded","section":"Shading Mode"},"sceneLighting":true,"audioPlay":false,"sceneViewState":{"showFog":true,"showMaterialUpdate":false,"showSkybox":true,"showFlares":true,"showImageEffects":true,"showParticleSystems":true},"in2DMode":false,"pivot":{"x":12.671758651733399,"y":4.170379638671875,"z":-7.776630401611328},"rotation":{"x":-0.2385692000389099,"y":-0.3933514356613159,"z":0.10645826160907746,"w":-0.8814966082572937},"size":18.653026580810548,"orthographic":false}