{"cameraMode":{"drawMode":0,"name":"Shaded","section":"Shading Mode"},"sceneLighting":true,"audioPlay":false,"sceneViewState":{"showFog":true,"showMaterialUpdate":false,"showSkybox":true,"showFlares":true,"showImageEffects":true,"showParticleSystems":true},"in2DMode":false,"pivot":{"x":-1.4308512210845948,"y":3.074467182159424,"z":-5.728721618652344},"rotation":{"x":-0.23734396696090699,"y":-0.2832348346710205,"z":0.07256688922643662,"w":-0.9263862371444702},"size":1.5751824378967286,"orthographic":false}