{"cameraMode":{"drawMode":0,"name":"Shaded","section":"Shading Mode"},"sceneLighting":true,"audioPlay":false,"sceneViewState":{"showFog":true,"showMaterialUpdate":false,"showSkybox":true,"showFlares":true,"showImageEffects":true,"showParticleSystems":true},"in2DMode":false,"pivot":{"x":108.40823364257813,"y":40.45692443847656,"z":32.10919952392578},"rotation":{"x":0.431442528963089,"y":0.19228307902812959,"z":-0.09466848522424698,"w":0.8763119578361511},"size":121.12818145751953,"orthographic":false}