{"cameraMode":{"drawMode":0,"name":"Shaded","section":"Shading Mode"},"sceneLighting":true,"audioPlay":false,"sceneViewState":{"showFog":true,"showMaterialUpdate":false,"showSkybox":true,"showFlares":true,"showImageEffects":true,"showParticleSystems":true},"in2DMode":false,"pivot":{"x":42.67992401123047,"y":-36.84695053100586,"z":17.654987335205079},"rotation":{"x":-0.27416786551475527,"y":-0.5156643390655518,"z":0.17853662371635438,"w":-0.7918728590011597},"size":36.922664642333987,"orthographic":false}