{"cameraMode":{"drawMode":0,"name":"Shaded","section":"Shading Mode"},"sceneLighting":true,"audioPlay":false,"sceneViewState":{"showFog":true,"showMaterialUpdate":false,"showSkybox":true,"showFlares":true,"showImageEffects":true,"showParticleSystems":true},"in2DMode":false,"pivot":{"x":0.870875358581543,"y":1.8241329193115235,"z":3.9014883041381838},"rotation":{"x":-0.30798131227493288,"y":0.2273562103509903,"z":-0.07605355978012085,"w":-0.9206928014755249},"size":13.567068099975586,"orthographic":false}