{"cameraMode":{"drawMode":0,"name":"Shaded","section":"Shading Mode"},"sceneLighting":true,"audioPlay":false,"sceneViewState":{"showFog":true,"showMaterialUpdate":false,"showSkybox":true,"showFlares":true,"showImageEffects":true,"showParticleSystems":true},"in2DMode":false,"pivot":{"x":13.58984375,"y":-26.69140625,"z":16.4573974609375},"rotation":{"x":0.5585383772850037,"y":0.44000351428985598,"z":-0.5234663486480713,"w":0.46948373317718508},"size":31.18177604675293,"orthographic":true}